id,color_name,shape,center_x_px,center_y_px,angle_deg,width_px,height_px,area_px,perimeter_px,circularity,rectangularity,contour_approx_points,world_x_mm,world_y_mm,world_z_mm,bbox_x,bbox_y,bbox_w,bbox_h
0,red,square,38.00,916.00,86.19,15.03,15.03,226.00,60.13,0.7854,1.0000,4,-243.41,99.26,500.00,30,908,17,17
1,red,circle,949.50,749.50,79.80,91.39,91.39,8311.00,359.46,0.8083,0.9950,4,-2.77,55.31,500.00,897,698,106,105
2,red,square,215.40,529.20,26.57,95.70,95.70,9003.50,378.72,0.7888,0.9830,4,-196.57,-2.85,500.00,152,466,128,128
3,red,circle,200.00,400.00,90.00,58.00,58.00,2764.00,187.19,0.9913,0.8216,8,-200.64,-36.96,500.00,171,371,59,59
4,red,circle,216.00,270.00,90.00,68.00,68.00,3782.00,218.82,0.9926,0.8179,8,-196.42,-71.28,500.00,182,236,69,69
5,yellow,square,258.00,916.00,86.19,15.03,15.03,226.00,60.13,0.7854,1.0000,4,-185.33,99.26,500.00,250,908,17,17
6,yellow,square,408.59,548.47,72.70,85.30,85.58,7088.50,338.75,0.7762,0.9710,4,-145.57,2.24,500.00,356,496,105,106
7,yellow,square,1099.37,419.54,69.95,120.80,121.07,14427.50,478.39,0.7922,0.9864,4,36.79,-31.80,500.00,1023,343,154,154
8,yellow,circle,409.00,251.00,90.00,90.00,90.00,6578.00,290.61,0.9788,0.8121,8,-145.46,-76.30,500.00,364,206,91,91
9,blue,square,478.00,916.00,86.19,15.03,15.03,226.00,60.13,0.7854,1.0000,4,-127.25,99.26,500.00,470,908,17,17
10,blue,circle,601.47,555.43,68.96,93.19,93.05,8581.50,366.72,0.8019,0.9897,4,-94.65,4.07,500.00,542,497,120,119
11,blue,square,499.49,419.49,15.33,110.84,110.84,12131.00,438.49,0.7929,0.9873,4,-121.57,-31.81,500.00,432,352,136,136
12,blue,circle,602.00,266.00,90.00,74.00,74.00,4438.00,236.98,0.9930,0.8104,8,-94.51,-72.34,500.00,565,229,75,75
13,green,square,698.00,916.00,86.19,15.03,15.03,226.00,60.13,0.7854,1.0000,4,-69.17,99.26,500.00,690,908,17,17
14,green,circle,1200.00,780.00,90.00,62.00,62.00,3150.00,199.62,0.9934,0.8195,8,63.36,63.36,500.00,1169,749,63,63
15,green,circle,794.44,553.31,72.35,73.72,73.33,5341.00,288.66,0.8055,0.9879,4,-43.71,3.51,500.00,749,508,92,92
16,green,circle,800.00,400.00,90.00,78.00,78.00,4948.00,250.05,0.9945,0.8133,8,-42.24,-36.96,500.00,761,361,79,79
17,green,circle,795.00,258.00,90.00,98.00,98.00,7752.00,312.95,0.9947,0.8072,8,-43.56,-74.45,500.00,746,209,99,99
18,black,square,918.00,916.00,86.19,15.03,15.03,226.00,60.13,0.7854,1.0000,4,-11.09,99.26,500.00,910,908,17,17
19,black,circle,350.00,750.00,90.00,68.00,68.00,3856.00,221.16,0.9907,0.8339,8,-161.04,55.44,500.00,316,716,69,69
20,black,circle,987.48,537.17,28.18,78.20,78.42,5961.00,303.56,0.8129,0.9720,4,7.26,-0.75,500.00,937,486,102,103
21,black,circle,988.00,260.00,90.00,90.00,90.00,6630.00,289.59,0.9935,0.8185,8,7.39,-73.92,500.00,943,215,91,91
22,black,square,608.50,31.50,0.00,21.00,19.00,276.50,75.36,0.6118,0.6930,12,-92.80,-134.24,500.00,598,22,22,20
23,black,square,875.61,34.41,4.13,89.21,24.45,1228.50,237.68,0.2733,0.5631,8,-22.28,-133.48,500.00,832,19,89,30
24,black,square,766.00,30.00,90.00,22.00,32.00,311.50,120.49,0.2696,0.4425,11,-51.22,-134.64,500.00,750,19,33,23
25,black,square,685.14,33.35,5.33,92.37,24.41,1396.00,241.25,0.3014,0.6190,9,-72.56,-133.75,500.00,640,18,92,30
26,black,square,540.50,29.50,90.00,23.00,77.00,863.50,247.46,0.1772,0.4876,10,-110.75,-134.77,500.00,502,18,78,24
27,light_blue,square,1138.00,916.00,90.00,16.00,16.00,215.50,59.54,0.7639,0.8418,8,46.99,99.26,500.00,1130,908,17,17
28,light_blue,square,649.47,779.49,24.78,101.97,101.90,10099.00,411.41,0.7498,0.9719,4,-81.98,63.22,500.00,585,713,132,134
29,light_blue,square,1180.55,546.42,70.20,86.90,86.94,7190.50,342.72,0.7693,0.9518,4,58.23,1.70,500.00,1127,495,109,106
30,light_blue,circle,1180.50,243.00,-0.00,93.00,92.00,6803.50,301.86,0.9383,0.7952,8,58.21,-78.41,500.00,1134,197,94,93
